0,1,2,3,4,5,6,7,8,9,10,11,12,13,14,15,16,17,18,19,20,21,22,23,24
r,Z,i,l,a,f,A,y,t,l,p,a,e,T,a,O,A,d,u,p,t,D,n,i,m
a,r,d,Z,a,i,d,p,a,L,a,m, ,a,a,b,c,o,o,r,o,m,e,b,b
c,z,o,n,s,a,r,o,Y,a,u,b,x,T,o,g,c,o,n,X,m,a,l,G,m
T,o,i,T,t,z,o,P,a,c,o,C,a,n,h,o,d,D,i,a,i,l,a,o,c
S,i,g,a,s,o,m,r,b,z,n,h,r,f,a,t,A,x,i,v,V,s,P,x,N
f,m,o,n,d,a,T,d,i,a,r,i,p,S,a,a,i,z,a,a,r,V,r,L,i
o,r,o,i,b,A,h,a,o,z,p,i, ,m,p,h,a,r,s,l,g,a,i,o,l
t,N,a,b,r,V,i,x,g,a,s,d,h,M,a,m,g,l,o,i,n,L,i,r,x
O,i,i,i,t,T,p,a,l,O,a,i, ,o,l,a,a,D,n,g,s,T,s,p,a
A,b,a,m,o,o,o,a,C,u,c,a,C,p,a,L,c,o,i,d,x,P,a,c,n
N,a,o,c,O,T,t,n,p,r,n,T,o,n,d,a,z,N,z,i,V,a,a,s,a
o,c,a,n,m,a,g,o,t,r,o,i,m,r,i,d,P,o,n,s,d,A,s,p,i
S,h,i,a,l,r,a,p,m,z,o,x,a,x,r,i,n,h,t,a,r,n,d,i,L
m,o,t,i,b, , ,a,T,n,a,n, ,n,a,n,T,a, , ,b,i,t,o,m
b,O,a,Z,a,R,o,p,h,a,R,a,a,d,o,n,p,a,T,d,a,n,V,a,a
u,N,n,a,x,o,P,S,o,n,d,n, ,o,l,o,a,G,e,o,o,b,a,u,a
a,i,g,r,a,n,o,o,m,a,g,g,m,O,P,a,m,n,o,V,G,m,d,n,m
o,r,p,m,n,i,n,g,b,e,a,l,o,a,p,l,s,T,e,d,e,c,a,o,p
r,s,O,n,i,z,i,r,l,e,m,u,C,s,c,m,i,o,o,n,a,m,l,o,x
i,z,i,n,r,C,z,i,a,M,h,l,h,V,a,r,s,G,d,L,b,r,i,a,p
M,O,r,d,i,a,l,h,c,t,G,a, ,o,i,P,t,e,a,a,p,D,o,c,e
O,C,a,n,c,h,i,a,s,o,m,t,p,p,s,u,a,c,n,r,Z,i,r,Z,a
a,r,b,i,z,m,i,i,l,p,i,z, ,S,i,o,d,a,o,i,n,r,z,f,m
O,p,a,n,a,L,a,m,S,m,a,P,r,d,a,l,t,T,d,n,a,d,i,r,e
d,O,l,o,P,i,n,i,a,n,b,a,a,d,i,x,o,m,o,n,s,i,o,s,p
r,x,p,a,o,c,s,i,z,i,x,p,x,O,o,D,p,z,i,A,p,a,n,l,i
a,x,t,i,r,V,a,s,t,r,i,m,e,r,g,o,a,n,n,P,A,C,r,a,r
